Book Id,Title,Author,Author l-f,Additional Authors,ISBN,ISBN13,My Rating,Average Rating,Publisher,Binding,Number of Pages,Year Published,Original Publication Year,Date Read,Date Added,Bookshelves,Bookshelves with positions,Exclusive Shelf,My Review,Spoiler,Private Notes,Read Count,Owned Copies
32187419,Conversations with Friends,Sally Rooney,"Rooney, Sally",,"=""""","=""""",0,3.80,Hogarth,Kindle Edition,304,2017,2017,,2023/01/15,currently-reading,currently-reading (#1),currently-reading,,,,1,0
15749863,"Aleación de ley (Nacidos de la Bruma, #4)",Brandon Sanderson,"Sanderson, Brandon",Rafael Marín Trechera,"=""8466651756""","=""9788466651752""",5,4.21,Ediciones B,Paperback,368,2012,2011,2023/01/15,2021/03/27,,,read,,,,2,0
57743838,"Nacidos de la Bruma: Historia Secreta (Nacidos de la Bruma, #3.5)",Brandon Sanderson,"Sanderson, Brandon",Manu Viciano,"=""""","=""""",5,4.37,Nova,ebook,155,2017,2016,2023/01/09,2022/12/31,,,read,,,,1,0
7235533,"The Way of Kings (The Stormlight Archive, #1)",Brandon Sanderson,"Sanderson, Brandon",,"=""0765326353""","=""9780765326355""",5,4.65,Tor Books,Hardcover,1007,2010,2010,,2020/05/06,owned,owned (#38),read,,,,1,0
17332218,"Words of Radiance (The Stormlight Archive, #2)",Brandon Sanderson,"Sanderson, Brandon",,"=""0765326361""","=""9780765326362""",5,4.75,Tor Books,Hardcover,1087,2014,2014,2021/03/27,2020/05/06,owned,owned (#37),read,,,,1,0
34002132,"Oathbringer (The Stormlight Archive, #3)",Brandon Sanderson,"Sanderson, Brandon",,"=""076532637X""","=""9780765326379""",5,4.62,Tor Books,Hardcover,1248,2017,2017,,2020/05/06,owned,owned (#36),read,,,,1,0
372389,"Dioses menores (Mundodisco, #13)",Terry Pratchett,"Pratchett, Terry",,"=""8497592247""","=""9788497592246""",5,4.31,DeBolsillo,Paperback,350,2003,1992,,2021/03/27,owned,owned (#35),read,,,,1,0
54317058,"El ritmo de la guerra  (El archivo de las tormentas, #4)",Brandon Sanderson,"Sanderson, Brandon","Manu Viciano, Antonio Torrubia","=""""","=""""",5,4.62,Nova CF,Hardcover,1424,2020,2020,,2021/03/27,owned,owned (#34),read,,,,1,0
35377546,"Siega (El arco de la guadaña, #1)",Neal Shusterman,"Shusterman, Neal",Pilar Ramírez Tello,"=""8416858241""","=""9788416858248""",4,4.33,Nocturna,Paperback,524,2017,2016,2021/03/24,2021/03/27,owned,owned (#33),read,"Plantea un mundo muy interesante, para mí lo más atractivo del libro, con ese futuro distópico y cómo gestionan la muerte. El hilo conductor del libro es muy dinámico, se lee enseguida y engancha.<br/><br/>Pero, para mí, tiene dos pequeños problemas: su lógica interna y los personajes. En cuanto a la primera, creo que se generan situaciones un poco forzadas para mantener la trama interesante, lo que hace que pierda un poco la gracia. En cuanto a los personajes, sobre todo al principio, encuentro que son un poco planos y difíciles de empatizar; si bien es cierto que esto acaba mejorando.<br/><br/>En general, es un libro que he disfrutado (y espero que siga con las siguientes entregas) y que recomiendo, aunque no creo que sea un libro indispensable de leer.",,,1,0
43808626,"Nimbo (El arco de la guadaña, #2)",Neal Shusterman,"Shusterman, Neal",Pilar Ramírez Tello,"=""""","=""""",5,4.42,Nocturna,Kindle Edition,535,2019,2018,2021/04/03,2021/03/27,owned,owned (#32),read,,,,1,0
54223481,"Trueno (El arco de la guadaña, #3)",Neal Shusterman,"Shusterman, Neal",Pilar Ramírez Tello,"=""8417834613""","=""9788417834616""",5,4.21,Nocturna,Paperback,721,2020,2019,2021/04/09,2021/03/27,owned,owned (#31),read,,,,1,0
386372,"Mort (Discworld, #4; Death, #1)",Terry Pratchett,"Pratchett, Terry",,"=""0061020680""","=""9780061020681""",3,4.24,Harpertorch,Mass Market Paperback,243,2001,1987,2021/04/12,2021/04/09,owned,owned (#30),read,,,,2,0
44767458,"Dune (Dune, #1)",Frank Herbert,"Herbert, Frank",,"=""059309932X""","=""9780593099322""",3,4.25,Ace Books,Hardcover,658,2019,1965,2021/04/30,2021/03/29,owned,owned (#29),read,,,,1,0
22064268,"Aprendiz de asesino (Trilogía del asesino, #1)",Robin Hobb,"Hobb, Robin",Manuel de los Reyes,"=""6073123582""","=""9786073123587""",5,4.17,Plaza & Janés México,Paperback,392,2014,1995,2021/07/13,2021/07/04,owned,owned (#28),read,,,,1,0
22064295,"Asesino real (Trilogía del asesino, #2)",Robin Hobb,"Hobb, Robin",,"=""6073123817""","=""9786073123815""",4,4.25,Plaza & Janés México,Paperback,656,2014,1996,2021/08/12,2021/07/15,owned,owned (#27),read,,,,1,0
22699199,"La búsqueda del asesino (Trilogía del Vatídico, #3)",Robin Hobb,"Hobb, Robin",,"=""""","=""9788490623022""",2,4.19,DeBolsillo,Bolsillo,832,2014,1997,2021/09/12,2021/07/15,owned,owned (#26),read,,,,1,0
53728,"El mesías de Dune (Crónicas de Dune, #2)",Frank Herbert,"Herbert, Frank",,"=""8497596676""","=""9788497596671""",0,3.89,Debolsillo,Mass Market Paperback,306,2003,1969,2021/10/16,2021/10/12,owned,owned (#25),read,,,,1,0
57213912,"La estirpe de Lilith (Trilogía Xenogénesis, #1-3)",Octavia E. Butler,"Butler, Octavia E.",Luis García Vigil,"=""8418037105""","=""9788418037108""",4,4.37,Nova,Hardcover,928,2021,1987,2021/12/15,2021/10/04,owned,owned (#24),read,,,,1,0
1420,Hamlet,William Shakespeare,"Shakespeare, William","Harold Bloom, André Gide, Rex Gibson, Israel Gollancz, Henry Norman Hudson, L.A. Sherman, Max J. Herzberg, Gregorio Martínez Sierra","=""0521618746""","=""9780521618748""",2,4.03,Cambridge University Press,Paperback,289,2005,1601,2022/01/20,2022/01/13,owned,owned (#23),read,,,,1,0
68035,"Un mago de Terramar (Historias de Terramar, #1)",Ursula K. Le Guin,"Guin, Ursula K. Le",Matilde Horne,"=""8445075292""","=""9788445075296""",4,4.01,Minotauro,Paperback,222,2004,1968,,2022/01/24,owned,owned (#22),read,,,,1,0
92615,"Las tumbas de Atuan (Historias de Terramar, #2)",Ursula K. Le Guin,"Guin, Ursula K. Le",Matilde Horne,"=""8445075306""","=""9788445075302""",4,4.11,Minotauro,Paperback,173,2004,1970,2022/02/06,2022/01/25,owned,owned (#21),read,,,,1,0
40493707,A Very Short History of Portugal,A.H. de Oliveira Marques,"Marques, A.H. de Oliveira",João José Alves Dias,"=""""","=""9789896714208""",1,3.29,Tinta da China,Paperback,245,2018,,2022/03/03,2022/01/29,owned,owned (#20),read,,,,1,0
6483211,"El nombre del viento (Crónica del asesino de reyes, #1)",Patrick Rothfuss,"Rothfuss, Patrick",Gemma Rovira,"=""8401337208""","=""9788401337208""",5,4.52,Plaza & Janés,Paperback,872,2009,2007,2022/03/27,2022/01/08,owned,owned (#19),read,,,,1,0
59922709,Orgullo y Prejuicio,Jane Austen,"Austen, Jane",,"=""""","=""""",4,4.28,RBA,Hardcover,319,2020,1813,2022/05/07,2022/04/28,owned,owned (#18),read,,,,1,0
40961427,1984,George Orwell,"Orwell, George",,"=""""","=""""",5,4.19,Houghton Mifflin Harcourt,Kindle Edition,298,2013,1949,2022/05/15,2021/03/27,owned,owned (#17),read,,,,1,0
50076403,Gente normal,Sally Rooney,"Rooney, Sally",Inga Pellisa,"=""8439736312""","=""9788439736318""",5,3.82,Literatura Random House,Paperback,256,2019,2018,2022/05/16,2022/04/24,owned,owned (#16),read,,,,1,0
1009949,Los viajes de Gulliver,Jonathan Swift,"Swift, Jonathan",Paula Arenas,"=""8497647009""","=""9788497647007""",1,3.58,Edimat Libros,Paperback,376,2006,1726,2022/06/01,2022/05/17,owned,owned (#15),read,,,,1,0
802160,Flores en la tormenta,Laura Kinsale,"Kinsale, Laura",Ana Eiroa Guillén,"=""848346280X""","=""9788483462805""",4,4.08,DeBolsillo,Paperback,544,2007,1992,2022/06/16,2022/06/02,owned,owned (#14),read,,,,1,0
59781797,El gato que amaba los libros,Sōsuke Natsukawa,"Natsukawa, Sōsuke",Marta Morros Serret,"=""8425359937""","=""9788425359934""",3,3.73,Editorial Grijalbo,Paperback,256,2022,2017,2022/06/19,2022/05/18,owned,owned (#13),read,,,,1,0
55170929,Un amor,Sara Mesa,"Mesa, Sara",,"=""""","=""""",4,3.56,Anagrama,Kindle Edition,132,2020,2020,2022/06/20,2022/01/26,owned,owned (#12),read,,,,1,0
789326,"El color de la magia (Mundodisco, #1)",Terry Pratchett,"Pratchett, Terry",Cristina Macía,"=""849759679X""","=""9788497596794""",1,4.00,DeBolsillo,Paperback,288,2003,1983,2022/07/30,2022/07/12,owned,owned (#11),read,,,,1,0
56597885,"Beautiful World, Where Are You",Sally Rooney,"Rooney, Sally",,"=""0374602603""","=""9780374602604""",5,3.57,"Farrar, Straus and Giroux",Hardcover,356,2021,2021,,2022/08/06,owned,owned (#10),read,,,,1,0
55730815,Aquitania,Eva García Sáenz de Urturi,"Urturi, Eva García Sáenz de",,"=""8408235516""","=""9788408235514""",4,3.78,Planeta,Hardcover,416,2020,2020,2022/08/12,2022/08/07,owned,owned (#9),read,,,,1,0
28487182,"El problema de los tres cuerpos (Trilogía de los Tres Cuerpos, #1)",Liu Cixin,"Cixin, Liu",Javier Altayó,"=""8466659730""","=""9788466659734""",4,4.08,NOVA,Paperback,416,2016,2006,2022/08/17,2021/08/23,owned,owned (#8),read,,,,1,0
32827084,"El bosque oscuro (Trilogía de los Tres Cuerpos, #2)",Liu Cixin,"Cixin, Liu","Javier Altayó, Jianguo Feng","=""8466660925""","=""9788466660921""",5,4.41,NOVA,Paperback,576,2017,2008,2022/09/28,2022/08/17,owned,owned (#7),read,,,,1,0
58111092,La maldición del tranvía 015,P. Djèlí Clark,"Clark, P. Djèlí",Rebeca Cardeñoso,"=""""","=""9788412319668""",2,4.01,Duermevela Ediciones,Paperback,165,2021,2019,2022/09/24,2022/05/31,owned,owned (#6),read,,,,1,0
32827109,"El fin de la muerte (Trilogía de los Tres Cuerpos, #3)",Liu Cixin,"Cixin, Liu",Agustín Alepuz Morales,"=""8417347011""","=""9788417347017""",4,4.43,NOVA,Paperback,734,2018,2010,2022/10/20,2022/09/29,owned,owned (#5),read,,,,1,0
16793,Stardust,Neil Gaiman,"Gaiman, Neil",,"=""0061142026""","=""9780061142024""",3,4.10,Harper Perennial,Paperback,248,2006,1998,2022/11/11,2021/03/27,owned,owned (#4),read,,,,1,0
7183286,"El imperio final (Nacidos de la bruma, #1)",Brandon Sanderson,"Sanderson, Brandon",Rafael Marín Trechera,"=""8466631992""","=""9788466631990""",5,4.47,Ediciones B,Paperback,690,2007,2006,2022/11/17,2021/03/27,owned,owned (#3),read,,,,2,0
6568801,"El pozo de la ascensión (Nacidos de la bruma, #2)",Brandon Sanderson,"Sanderson, Brandon",Rafael Marín Trechera,"=""8466637834""","=""9788466637831""",5,4.38,Ediciones B,Paperback,800,2009,2007,2022/12/09,2021/03/27,owned,owned (#2),read,,,,2,0
7935023,"El héroe de las eras (Nacidos de la Bruma, #3)",Brandon Sanderson,"Sanderson, Brandon",Rafael Marín Trechera,"=""8466643826""","=""9788466643825""",5,4.52,Ediciones B,Hardcover,768,2010,2008,2022/12/31,2021/03/27,owned,owned (#1),read,,,,2,0
42201431,The Unhoneymooners,Christina Lauren,"Lauren, Christina",,"=""""","=""""",0,3.96,Gallery Books,Paperback,400,2019,2019,,2022/08/02,to-read,to-read (#65),to-read,,,,0,0
61767292,"Icebreaker (UCMH, #1)",Hannah  Grace,"Grace, Hannah",,"=""""","=""""",0,4.14,Pig & Bear Publishing,Kindle Edition,435,2022,2022,,2022/12/27,to-read,to-read (#64),to-read,,,,0,0
23947089,"The Lost Metal (Mistborn, #7)",Brandon Sanderson,"Sanderson, Brandon",,"=""0765391198""","=""9780765391193""",0,4.52,Tor Books,Hardcover,507,2022,2022,,2022/12/20,to-read,to-read (#63),to-read,,,,0,0
63046790,Midnight Kisses,Jeanine Bennedict,"Bennedict, Jeanine",,"=""""","=""""",0,3.70,Kindle Unlimited,Paperback,,2022,,,2022/12/15,to-read,to-read (#62),to-read,,,,0,0
95525,El proceso,Franz Kafka,"Kafka, Franz",,"=""8495311313""","=""9788495311313""",0,3.96,Mestas Ediciones,Paperback,249,2003,1925,,2022/12/14,to-read,to-read (#61),to-read,,,,0,0
59482692,Last Time We Met,Emily Houghton,"Houghton, Emily",,"=""1529176700""","=""9781529176704""",0,3.58,Penguin,Paperback,416,2022,2022,,2022/12/07,to-read,to-read (#60),to-read,,,,0,0
60095070,So This Is Christmas (Christmas in Eldovia #3),Jenny Holiday,"Holiday, Jenny",,"=""0062952129""","=""9780062952127""",0,3.49,Avon US,Paperback,384,2023,2022,,2022/12/07,to-read,to-read (#59),to-read,,,,0,0
60092691,All I Want for Christmas,Maggie Knox,"Knox, Maggie",,"=""0735241120""","=""9780735241121""",0,3.25,Viking,Paperback,352,2022,2022,,2022/12/07,to-read,to-read (#58),to-read,,,,0,0
60060431,"Things We Never Got Over (Knockemout, #1)",Lucy Score,"Score, Lucy",,"=""""","=""""",3,4.27,That's What She Said Publishing,Kindle Edition,572,2022,2022,2022/12/07,2022/06/27,,,read,,,,1,0
56377192,The Last Chance Library,Freya Sampson,"Sampson, Freya",,"=""0593201388""","=""9780593201381""",3,3.76,Berkley Books,Paperback,336,2021,2021,2022/11/25,2022/11/20,,,read,,,,1,0
60590666,Arena Blanca ómnibus (Arena Blanca #1-3),Brandon Sanderson,"Sanderson, Brandon","Manu Viciano, Rik Hoskin, Fritz Casas, Julius Gopez","=""""","=""9788418037429""",3,3.71,Nova CF,Hardcover,496,2022,,2022/11/22,2022/11/18,,,read,,,,1,0
58283080,"Hook, Line, and Sinker (Bellinger Sisters, #2)",Tessa Bailey,"Bailey, Tessa",,"=""0063045699""","=""9780063045699""",3,4.02,Avon US,Paperback,353,2022,2022,,2022/10/25,,,read,,,,1,0
55659629,"It Happened One Summer (Bellinger Sisters, #1)",Tessa Bailey,"Bailey, Tessa",,"=""0063045656""","=""9780063045651""",3,4.05,Avon,Paperback,416,2021,2021,2022/10/24,2022/09/25,,,read,,,,1,0
10357575,"1Q84 (1Q84, #1-3)",Haruki Murakami,"Murakami, Haruki","Jay Rubin, Philip Gabriel","=""0307593312""","=""9780307593313""",0,3.94,Knopf,Hardcover,925,2011,2009,,2022/10/07,to-read,to-read (#57),to-read,,,,0,0
58679358,"One of Us Is Lying (One of Us is Lying, #1)",Karen M. McManus,"McManus, Karen M.",,"=""0593565371""","=""9780593565377""",0,3.98,Delacorte Press,Hardcover,416,2021,2017,,2022/10/01,to-read,to-read (#56),to-read,,,,0,0
35796008,"Dance of Thieves (Dance of Thieves, #1)",Mary E. Pearson,"Pearson, Mary E.",,"=""1250159016""","=""9781250159014""",0,4.20,Henry Holt and Co. (BYR),Hardcover,512,2018,2018,,2022/09/30,to-read,to-read (#55),to-read,,,,0,0
30319086,If We Were Villains,M.L. Rio,"Rio, M.L.",,"=""125009528X""","=""9781250095282""",0,4.23,Flatiron Books,Hardcover,354,2017,2017,,2022/09/30,to-read,to-read (#54),to-read,,,,0,0
29044,The Secret History,Donna Tartt,"Tartt, Donna",,"=""1400031702""","=""9781400031702""",0,4.17,Vintage,Paperback,559,2004,1992,,2022/09/30,to-read,to-read (#53),to-read,,,,0,0
13153370,My Policeman,Bethan Roberts,"Roberts, Bethan","Emma Powell, Piers Hampton","=""0701185848""","=""9780701185848""",0,4.06,Chatto  Windus,Hardcover,352,2012,2021,,2022/09/25,to-read,to-read (#52),to-read,,,,0,0
44890081,My Dark Vanessa,Kate Elizabeth Russell,"Russell, Kate Elizabeth",,"=""006294150X""","=""9780062941503""",0,4.09,William Morrow,Hardcover,373,2020,2020,,2022/09/25,to-read,to-read (#51),to-read,,,,0,0
7604,Lolita,Vladimir Nabokov,"Nabokov, Vladimir",Craig Raine,"=""""","=""""",0,3.88,Penguin,Paperback,331,1995,1955,,2022/09/25,to-read,to-read (#50),to-read,,,,0,0
42815544,Bunny,Mona Awad,"Awad, Mona",,"=""0525559736""","=""9780525559733""",0,3.57,Viking,Hardcover,307,2019,2019,,2022/09/25,to-read,to-read (#49),to-read,,,,0,0
60114057,"The American Roommate Experiment (Spanish Love Deception, #2)",Elena  Armas,"Armas, Elena",,"=""1668002779""","=""9781668002773""",4,3.93,Atria Books,Paperback,400,2022,2022,2022/09/22,2022/09/19,,,read,,,,1,0
58100280,The Cheat Sheet,Sarah       Adams,"Adams, Sarah",,"=""""","=""""",3,3.76,,Kindle Edition,306,2021,2021,2022/09/13,2022/06/02,,,read,,,,1,0
57693481,"Good Girl Complex (Avalon Bay, #1)",Elle Kennedy,"Kennedy, Elle",,"=""1250796733""","=""9781250796738""",4,3.60,St. Martin's Griffin,Paperback,368,2022,2022,2022/09/08,2022/06/02,,,read,,,,1,0
51171377,"Axiom's End (Noumena, #1)",Lindsay  Ellis,"Ellis, Lindsay",,"=""1250256739""","=""9781250256737""",0,3.73,St. Martin's Press,Hardcover,384,2020,2020,,2022/09/03,to-read,to-read (#48),to-read,,,,0,0
56356347,"Reyes de la Tierra Salvaje (La Banda, #1)",Nicholas Eames,"Eames, Nicholas",David Tejera Expósito,"=""8412299248""","=""9788412299243""",3,4.29,Gamon,Hardcover,544,2021,2017,2022/07/08,2021/10/06,,,read,,,,1,0
56554626,"The Ex Hex (The Ex Hex, #1)",Erin Sterling,"Sterling, Erin",,"=""006302747X""","=""9780063027473""",0,3.54,Avon,Paperback,308,2021,2021,,2022/09/01,to-read,to-read (#47),to-read,,,,0,0
58014893,Every Summer After,Carley Fortune,"Fortune, Carley",,"=""0593438531""","=""9780593438534""",5,4.30,Berkley,Paperback,320,2022,2022,2022/08/31,2022/08/01,,,read,,,,1,0
56732449,The Love Hypothesis,Ali Hazelwood,"Hazelwood, Ali",,"=""0593336828""","=""9780593336823""",4,4.24,Berkley Books,Paperback,356,2021,2021,2022/07/12,2022/06/02,,,read,,,,1,0
43884209,"Get a Life, Chloe Brown (The Brown Sisters, #1)",Talia Hibbert,"Hibbert, Talia",,"=""0062941208""","=""9780062941206""",3,3.84,Avon,Paperback,373,2019,2019,2022/07/30,2022/06/02,,,read,,,,1,0
59651557,"Under One Roof (The STEMinist Novellas, #1)",Ali Hazelwood,"Hazelwood, Ali",,"=""""","=""""",2,3.71,Berkley,Kindle Edition,112,2022,2022,2022/08/27,2022/07/07,,,read,,,,1,0
23980,When Harry Met Sally,Nora Ephron,"Ephron, Nora",,"=""0747575479""","=""9780747575474""",3,4.26,Bloomsbury Publishing PLC,Paperback,98,2004,1990,2022/08/13,2022/08/01,,,read,,,,1,0
57693648,Yerba Buena,Nina LaCour,"LaCour, Nina",,"=""1250810469""","=""9781250810465""",0,3.95,Flatiron Books,Hardcover,304,2022,2022,,2022/08/09,to-read,to-read (#46),to-read,,,,0,0
11996,I Who Have Never Known Men,Jacqueline Harpman,"Harpman, Jacqueline",Ros Schwartz,"=""0380731819""","=""9780380731817""",0,4.25,Avon Eos,Paperback,208,1998,1995,,2022/08/08,to-read,to-read (#45),to-read,,,,0,0
39335566,The Water Cure,Sophie Mackintosh,"Mackintosh, Sophie",,"=""0385543875""","=""9780385543873""",0,3.25,Doubleday,Hardcover,288,2019,2018,,2022/08/08,to-read,to-read (#44),to-read,,,,0,0
54985743,People We Meet on Vacation,Emily Henry,"Henry, Emily",,"=""1984806750""","=""9781984806758""",4,3.94,Berkley Books,Paperback,364,2021,2021,2022/06/01,2022/05/10,,,read,,,,1,0
52867387,Beach Read,Emily Henry,"Henry, Emily",,"=""1984806734""","=""9781984806734""",5,4.04,Berkley,Paperback,361,2020,2020,2022/07/22,2022/05/10,,,read,,,,1,0
55710822,Better Than the Movies,Lynn Painter,"Painter, Lynn",,"=""1534467629""","=""9781534467620""",4,4.29,Simon & Schuster Books for Young Readers,Hardcover,356,2021,2021,2022/07/27,2022/07/02,,,read,,,,1,0
59593390,Amores y amoríos de los reyes de España,José Montero Alonso,"Alonso, José Montero",,"=""8486280648""","=""9788486280642""",0,4.00,,Paperback,,1993,,,2022/08/05,to-read,to-read (#43),to-read,,,,0,0
56978100,The Girl Who Fell Beneath the Sea,Axie Oh,"Oh, Axie",Kuri Huang,"=""1250780861""","=""9781250780867""",0,4.17,Feiwel & Friends,Hardcover,325,2022,2022,,2022/08/02,to-read,to-read (#42),to-read,,,,0,0
54304013,Shipped,Angie Hockman,"Hockman, Angie",,"=""1982151595""","=""9781982151591""",0,3.65,Gallery Books,Paperback,336,2021,2021,,2022/08/02,to-read,to-read (#41),to-read,,,,0,0
27213238,The Hating Game,Sally  Thorne,"Thorne, Sally",,"=""""","=""""",0,3.96,William Morrow Paperbacks,Paperback,365,2016,2016,,2022/08/02,to-read,to-read (#40),to-read,,,,0,0
51035594,The Do-Over,Lynn Painter,"Painter, Lynn",,"=""""","=""""",0,4.12,Simon Pulse,Hardcover,304,2022,2022,,2022/08/01,to-read,to-read (#39),to-read,,,,0,0
27209486,Modern Lovers,Emma Straub,"Straub, Emma",,"=""159463467X""","=""9781594634673""",0,3.44,Riverhead Books,Hardcover,353,2016,2016,,2022/07/31,to-read,to-read (#38),to-read,,,,0,0
57693262,Cleopatra and Frankenstein,Coco Mellors,"Mellors, Coco",,"=""1635576814""","=""9781635576818""",0,3.96,Bloomsbury Publishing,Hardcover,384,2022,2022,,2022/07/31,to-read,to-read (#37),to-read,,,,0,0
22822858,A Little Life,Hanya Yanagihara,"Yanagihara, Hanya",,"=""""","=""""",0,4.34,Doubleday,Hardcover,720,2015,2015,,2022/07/30,to-read,to-read (#36),to-read,,,,0,0
23492661,Maybe in Another Life,Taylor Jenkins Reid,"Reid, Taylor Jenkins",,"=""""","=""""",3,3.81,Washington Square Press,Paperback,342,2015,2015,2022/06/26,2022/04/28,,,read,,,,1,0
673959,Let It Rain Coffee,Angie Cruz,"Cruz, Angie",,"=""0743212045""","=""9780743212045""",0,3.79,Simon  Schuster,Paperback,304,2006,2005,,2022/06/25,to-read,to-read (#35),to-read,,,,0,0
61577,Soledad,Angie Cruz,"Cruz, Angie",,"=""0743212029""","=""9780743212021""",0,3.81,Simon  Schuster,Paperback,240,2002,2001,,2022/06/25,to-read,to-read (#34),to-read,,,,0,0
43263696,Dominicana,Angie Cruz,"Cruz, Angie",,"=""125020593X""","=""9781250205933""",0,4.12,Flatiron Books,Hardcover,323,2019,2019,,2022/06/25,to-read,to-read (#33),to-read,,,,0,0
60874073,Bomba de humo,Laura Santolaya,"Santolaya, Laura",,"=""849129600X""","=""9788491296003""",0,3.42,Suma,Paperback,368,2022,2022,,2022/06/23,to-read,to-read (#32),to-read,,,,0,0
36348525,Severance,Ling  Ma,"Ma, Ling",,"=""0374261598""","=""9780374261597""",0,3.92,"Farrar, Straus and Giroux",Hardcover,291,2018,2018,,2022/06/22,to-read,to-read (#31),to-read,,,,0,0
52873922,Winter in Sokcho,Elisa Shua Dusapin,"Dusapin, Elisa Shua",Aneesa Higgins,"=""1911547542""","=""9781911547549""",0,3.61,Daunt Books Publishing,Paperback,154,2020,2016,,2022/06/22,to-read,to-read (#30),to-read,,,,0,0
10116463,Gog,Giovanni Papini,"Papini, Giovanni",Fikret Adil,"=""""","=""""",0,4.18,İş Bankası Kültür Yayınları,Paperback,386,1958,1931,,2022/06/20,to-read,to-read (#29),to-read,,,,0,0
58690308,Book Lovers,Emily Henry,"Henry, Emily",,"=""""","=""""",3,4.23,Berkley,Hardcover,377,2022,2022,2022/06/13,2022/05/03,,,read,,,,1,0
44421460,Before the Coffee Gets Cold,Toshikazu Kawaguchi,"Kawaguchi, Toshikazu",Geoffrey Trousselot,"=""1529029589""","=""9781529029581""",0,3.75,Picador,Paperback,213,2019,2015,,2022/06/02,to-read,to-read (#28),to-read,,,,0,0
18774964,A Man Called Ove,Fredrik Backman,"Backman, Fredrik",Henning Koch,"=""1476738017""","=""9781476738017""",0,4.37,Atria Books,Hardcover,337,2014,2012,,2022/06/01,to-read,to-read (#27),to-read,,,,0,0
49259788,The Summer of Broken Rules,K.L. Walther,"Walther, K.L.",,"=""1728210291""","=""9781728210292""",0,4.05,Sourcebooks Fire,Hardcover,386,2021,2021,,2022/06/01,to-read,to-read (#26),to-read,,,,0,0
19343332,La reina de las lavanderas,Carmen Gallardo,"Gallardo, Carmen",,"=""""","=""""",0,4.17,La Esfera de los Libros,Kindle Edition,432,2012,2012,,2022/05/23,to-read,to-read (#25),to-read,,,,0,0
45553600,Second First Impressions,Sally  Thorne,"Thorne, Sally",,"=""0063007134""","=""9780063007130""",3,3.58,William Morrow,Hardcover,352,2021,2021,2022/05/23,2022/02/28,,,read,,,,1,0
92624,"La costa más lejana (Historias de Terramar, #3)",Ursula K. Le Guin,"Guin, Ursula K. Le",Matilde Horne,"=""8445075314""","=""9788445075319""",0,4.12,Minotauro,Paperback,248,2004,1972,,2022/02/06,to-read,to-read (#24),to-read,,,,0,0
56918758,"Promesa de Sangre (Magos de la Pólvora, #1)",Brian  McClellan,"McClellan, Brian",Federico Cristante,"=""8412299221""","=""9788412299229""",0,4.14,Gamon,Hardcover,564,2021,2013,,2022/05/10,to-read,to-read (#23),to-read,,,,0,0
11513560,"Hiperion (Hyperion, #1)",Dan Simmons,"Simmons, Dan",Goran Skrobonja,"=""8674362443""","=""9788674362440""",0,4.25,Laguna,Paperback,436,2005,1989,,2022/05/09,to-read,to-read (#22),to-read,,,,0,0
59211749,La moda justa: Una invitación a vestir con ética,Marta D. Riezu,"Riezu, Marta D.",,"=""8433916572""","=""9788433916570""",0,4.19,Anagrama,Paperback,96,2021,2021,,2022/05/03,to-read,to-read (#21),to-read,,,,0,0
32620332,The Seven Husbands of Evelyn Hugo,Taylor Jenkins Reid,"Reid, Taylor Jenkins",,"=""1501139231""","=""9781501139239""",0,4.46,Atria Books,Hardcover,389,2017,2017,,2022/04/28,to-read,to-read (#20),to-read,,,,0,0
41743264,"Reina roja (Antonia Scott, #1)",Juan Gómez-Jurado,"Gómez-Jurado, Juan",,"=""8466664416""","=""9788466664417""",3,4.10,Ediciones B,Hardcover,568,2018,2018,2022/04/27,2022/04/23,,,read,,,,1,0
36617542,China,Edward Rutherfurd,"Rutherfurd, Edward",,"=""0385538936""","=""9780385538930""",0,4.18,Doubleday Books,Hardcover,764,2021,2021,,2022/04/24,to-read,to-read (#19),to-read,,,,0,0
1215032,"The Wise Man's Fear (The Kingkiller Chronicle, #2)",Patrick Rothfuss,"Rothfuss, Patrick",,"=""0756404738""","=""9780756404734""",5,4.55,DAW Books,Hardcover,994,2011,2011,2022/04/23,2022/03/28,,,read,,,,1,0
33099588,"The Black Tides of Heaven (Tensorate, #1)",Neon Yang,"Yang, Neon",,"=""076539541X""","=""9780765395412""",0,3.72,Tor.com,Paperback,236,2017,2017,,2022/04/08,to-read,to-read (#18),to-read,,,,0,0
12994251,Los pilares de la tierra I (Parte 1 de 3),Ken Follett,"Follett, Ken",Rosalía Vázquez,"=""8467436530""","=""9788467436532""",0,4.42,Planeta DeAgostini,Hardcover,468,2007,,,2022/04/07,to-read,to-read (#17),to-read,,,,0,0
45891343,The Upside of Falling,Alex Light,"Light, Alex",,"=""0062918052""","=""9780062918055""",1,3.64,HarperTeen,Hardcover,288,2020,2020,2022/03/15,2022/02/24,,,read,,,,1,0
53415121,The Ex Talk,Rachel Lynn Solomon,"Solomon, Rachel Lynn",,"=""""","=""""",4,3.74,Berkley,Kindle Edition,336,2021,2021,2022/03/05,2022/02/19,,,read,,,,1,0
29367958,The Wall of Winnipeg and Me,Mariana Zapata,"Zapata, Mariana",,"=""""","=""""",0,4.26,,Kindle Edition,428,2016,2016,,2022/02/28,to-read,to-read (#16),to-read,,,,0,0
44778083,"House of Earth and Blood (Crescent City, #1)",Sarah J. Maas,"Maas, Sarah J.",,"=""1635574048""","=""9781635574043""",0,4.48,Bloomsbury Publishing,Hardcover,803,2020,2020,,2022/02/28,to-read,to-read (#15),to-read,,,,0,0
16096824,"A Court of Thorns and Roses (A Court of Thorns and Roses, #1)",Sarah J. Maas,"Maas, Sarah J.",,"=""1619634449""","=""9781619634442""",0,4.20,Bloomsbury USA Childrens,Hardcover,432,2015,2015,,2022/02/28,to-read,to-read (#14),to-read,,,,0,0
7896527,"Throne of Glass (Throne of Glass, #1)",Sarah J. Maas,"Maas, Sarah J.",,"=""""","=""""",0,4.19,Bloomsbury USA Children's,Hardcover,406,2012,2012,,2022/02/28,to-read,to-read (#13),to-read,,,,0,0
55590839,Fairy Oak. La storia perduta,Elisabetta Gnone,"Gnone, Elisabetta",,"=""""","=""9788831004091""",0,4.22,Salani Editore,Hardcover,400,2020,,,2022/02/28,to-read,to-read (#12),to-read,,,,0,0
56921816,"The Temporary Roomie (It Happened in Nashville, #2)",Sarah       Adams,"Adams, Sarah",,"=""""","=""""",4,3.74,,Kindle Edition,286,2021,2021,2022/02/27,2022/02/19,,,read,,,,1,0
55820126,"The Off Limits Rule (It Happened in Nashville, #1)",Sarah       Adams,"Adams, Sarah",,"=""""","=""""",3,3.72,,Kindle Edition,282,2021,2020,2022/02/26,2022/02/25,,,read,,,,1,0
27362503,"It Ends with Us (It Ends with Us, #1)",Colleen Hoover,"Hoover, Colleen",,"=""""","=""""",4,4.31,Atria Books,Kindle Edition,386,2016,2016,,2022/01/26,,,read,,,,1,0
59068107,"A Cross-Country Christmas (Road Trip Romance, #1)",Courtney Walsh,"Walsh, Courtney",,"=""""","=""""",4,4.05,Sweethaven Press,Kindle Edition,256,2021,2021,2022/02/14,2022/02/10,,,read,,,,1,0
41032121,"The Risk (Briar U, #2)",Elle Kennedy,"Kennedy, Elle",,"=""""","=""""",3,4.27,Elle Kennedy Inc.,Kindle Edition,432,2019,2019,2022/02/11,2022/02/09,,,read,,,,1,0
39854434,"Fix Her Up (Hot & Hammered, #1)",Tessa Bailey,"Bailey, Tessa",,"=""0062872842""","=""9780062872845""",4,3.65,Avon,ebook,400,2019,2019,2022/02/02,2022/01/27,,,read,,,,1,0
54189398,"The Spanish Love Deception (Spanish Love Deception, #1)",Elena  Armas,"Armas, Elena",,"=""1668002531""","=""9781668002537""",5,3.92,Elena Armas,ebook,487,2021,2021,2022/01/25,2022/01/24,,,read,,,,1,0
57514395,The American Roommate Experiment (Spanish Love Deception #2),Elena  Armas,"Armas, Elena",,"=""1398515647""","=""9781398515642""",0,3.93,Simon & Schuster UK,Paperback,406,2022,2022,,2022/02/10,to-read,to-read (#11),to-read,,,,0,0
32614298,"Where Good Girls Go To Die (Good Girls, #1)",Holly Renee,"Renee, Holly",,"=""""","=""""",1,3.71,,ebook,340,2017,2017,2022/02/09,2022/01/26,,,read,,,,1,0
45023611,"The Roommate (The Shameless Series, #1)",Rosie Danan,"Danan, Rosie",,"=""059310160X""","=""9780593101605""",2,3.63,Berkley,Paperback,325,2020,2020,2022/02/04,2022/02/03,,,read,,,,1,0
2855034,Nation,Terry Pratchett,"Pratchett, Terry",,"=""0061433012""","=""9780061433016""",0,4.09,HarperCollins,Hardcover,367,2008,2008,,2022/01/26,to-read,to-read (#10),to-read,,,,0,0
52764201,Todo lo que sé sobre el amor,Dolly Alderton,"Alderton, Dolly",Anna Valor Blanquer,"=""8408214357""","=""9788408214359""",0,4.11,Planeta,Paperback,384,2019,2018,,2022/01/26,to-read,to-read (#9),to-read,,,,0,0
62779,Nada,Carmen Laforet,"Laforet, Carmen",Edith Grossman,"=""1843433028""","=""9781843433026""",0,3.85,Harvill Secker,Hardcover,244,2007,1944,,2022/01/26,to-read,to-read (#8),to-read,,,,0,0
31344527,Una habitación propia,Virginia Woolf,"Woolf, Virginia",,"=""""","=""""",0,4.20,Greenbooks Editore,Kindle Edition,189,2016,1928,,2022/01/26,to-read,to-read (#7),to-read,,,,0,0
601415,"El Dragón Renacido (La Rueda del Tiempo, #3)",Robert Jordan,"Jordan, Robert",María Dolors Gallart,"=""8448031202""","=""9788448031206""",0,4.27,Timun Mas,Paperback,512,1998,1991,,2021/12/15,to-read,to-read (#6),to-read,,,,0,0
53097424,"La Gran Cacería (La Rueda del Tiempo, #2)",Robert Jordan,"Jordan, Robert",Dolors Gallart,"=""""","=""9788445007013""",0,4.25,Minotauro,Paperback,720,2019,1990,2021/11/20,2021/10/16,,,read,,,,1,0
6400600,"El ojo del mundo (La Rueda del Tiempo, #1)",Robert Jordan,"Jordan, Robert","Mila López, María Dolors Gallart","=""8448031180""","=""9788448031183""",0,4.19,Timun Mas,Paperback,640,1993,1990,2021/10/12,2021/09/03,,,read,,,,1,0
16091035,Historia del mundo contada para escépticos,Juan Eslava Galán,"Galán, Juan Eslava",,"=""""","=""9788408013822""",0,3.96,Planeta,Hardcover,506,2012,2012,,2021/08/23,to-read,to-read (#5),to-read,,,,0,0
1556716,Breve Historia del Mundo,E.H. Gombrich,"Gombrich, E.H.",José  Luis Gil Aristu,"=""8483072327""","=""9788483072325""",0,4.11,Peninsular Publishing Company,Paperback,0,2000,1936,,2021/08/23,to-read,to-read (#4),to-read,,,,0,0
56321575,Señor del espacio y el tiempo,Rudy Rucker,"Rucker, Rudy",Alejandro Terán,"=""""","=""9788417507602""",1,3.71,Ediciones Gigamesh,Hardcover,320,2020,1985,2021/07/15,2021/07/13,,,read,,,,1,0
18453829,"Me vestiré de medianoche (Mundodisco, #38)",Terry Pratchett,"Pratchett, Terry",Manu Viciano,"=""841583103X""","=""9788415831037""",0,4.34,Fantascy,Paperback,416,2013,2010,2021/07/04,2021/05/25,,,read,,,,1,0
16110950,"La corona de hielo (Mundodisco, #35)",Terry Pratchett,"Pratchett, Terry",Manu Viciano,"=""8401353297""","=""9788401353291""",0,4.24,Plaza & Janés,Hardcover,365,2012,2006,2021/05/25,2021/05/14,,,read,,,,1,0
12936621,"Un sombrero de cielo (Mundodisco, #32)",Terry Pratchett,"Pratchett, Terry",Manu Viciano,"=""8401339790""","=""9788401339790""",0,4.31,Plaza & Janés,Hardcover,335,2011,2004,2021/05/14,2021/05/06,,,read,,,,1,0
6905794,"Los pequeños hombres libres (Mundodisco, #30)",Terry Pratchett,"Pratchett, Terry",Pilar Ramírez Tello,"=""8496947599""","=""9788496947597""",0,4.28,Toro Mítico,Paperback,300,2008,2003,2021/05/04,2021/03/27,,,read,,,,1,0
34418540,"La quinta estación (Trilogía de la Tierra Fragmentada, #1)",N.K. Jemisin,"Jemisin, N.K.",David Tejera Expósito,"=""""","=""9788466661690""",0,4.32,NOVA,Paperback,448,2017,2015,,2021/04/09,to-read,to-read (#3),to-read,,,,0,0
53707,"Hijos de Dune (Crónicas de Dune, #3)",Frank Herbert,"Herbert, Frank",,"=""8497594320""","=""9788497594325""",0,3.96,Debolsillo,Paperback,546,2005,1976,,2021/03/29,to-read,to-read (#2),to-read,,,,0,0
7934296,"La voz de las espadas (La Primera Ley, #1)",Joe Abercrombie,"Abercrombie, Joe",Borja García Bercero,"=""8420679879""","=""9788420679877""",0,4.20,Alianza,Paperback,752,2010,2006,,2021/03/27,to-read,to-read (#1),to-read,,,,0,0
35449024,"Brazales de duelo (Nacidos de la Bruma, #6)",Brandon Sanderson,"Sanderson, Brandon",,"=""""","=""""",5,4.43,B DE BOOKS,Kindle Edition,534,2017,2016,,2021/03/27,,,read,,,,1,0
32495123,"Sombras de identidad (Nacidos de la Bruma, #5)",Brandon Sanderson,"Sanderson, Brandon",Manuel de los Reyes,"=""""","=""""",5,4.29,B DE BOOKS,Kindle Edition,440,2016,2015,,2021/03/27,,,read,,,,1,0
30055560,"El aliento de los dioses (El aliento de los dioses, #1)",Brandon Sanderson,"Sanderson, Brandon","Manuel de los Reyes, Rafael Marín Trechera","=""8466658874""","=""9788466658874""",5,4.30,Ediciones B/Nova,Hardcover,720,2016,2009,,2021/03/27,,,read,,,,1,0
68427,"Elantris (Elantris, #1)",Brandon Sanderson,"Sanderson, Brandon",,"=""0765350378""","=""9780765350374""",3,4.19,Tor Fantasy,Mass Market Paperback,622,2006,2005,,2021/03/27,,,read,,,,1,0
